id;model;engine;nr_re;vin
1;San Marino model Games;compelling Maryland;Liaison Arizona;one-to-one
2;cross-media maroon Profit-focused;reinvent Bike;Savings Account Park Papua New Guinea;Auto Loan Account Security Health
3;Forward Front-line non-volatile;throughput;application parsing;24 hour web-readiness
4;Sleek;generate Plastic New Mexico;Northern Mariana Islands salmon orchestrate;optimize Sausages
5;Handmade;wireless motivating connecting;Cambridgeshire;Fully-configurable Handcrafted Soft Table
6;Tennessee;bypassing functionalities Investment Account;complexity programming attitude;Profound Global
7;Ethiopian Birr Ohio;scalable Personal Loan Account synthesize;Sleek Steel Sausages;National
8;SCSI Bedfordshire Officer;optical Customizable Concrete;Mississippi background;partnerships zero defect compressing
9;Steel Movies metrics;copy USB;New Jersey Cliffs Unbranded;Optimized International
10;methodology;Refined West Virginia Brand;Roads Ergonomic payment;connecting optimizing Gorgeous
